Time,Temperature,Brightness
2021-11-07 12:17:52,24.88,0.72
2021-11-07 12:18:03,24.88,0.70
2021-11-07 12:18:05,24.88,0.72
2021-11-07 12:18:06,24.88,0.72
2021-11-07 12:18:08,24.88,0.72
2021-11-07 12:18:09,24.88,0.72
2021-11-07 12:18:11,24.88,0.72
2021-11-07 12:18:13,24.88,0.71
2021-11-07 12:18:14,24.81,0.71
2021-11-07 12:27:01,24.81,0.73
2021-11-07 12:27:03,24.88,0.73
2021-11-07 12:27:04,24.88,0.73
2021-11-07 12:27:06,24.88,0.73
2021-11-07 12:27:07,24.88,0.73
2021-11-07 12:27:09,24.88,0.73
2021-11-07 12:27:10,24.88,0.73
2021-11-07 12:27:12,24.88,0.73
2021-11-07 12:27:14,24.88,0.73
2021-11-07 12:27:15,24.88,0.73
2021-11-07 12:27:17,24.88,0.73
2021-11-07 12:27:18,24.88,0.73
2021-11-07 12:27:20,24.88,0.73
2021-11-07 12:27:21,24.88,0.73
2021-11-07 12:27:23,24.88,0.73
2021-11-07 12:27:25,24.94,0.73
2021-11-07 12:27:26,24.88,0.73
2021-11-07 12:27:28,24.88,0.73
2021-11-07 12:27:29,24.88,0.73
2021-11-07 12:27:31,24.88,0.73
2021-11-07 12:27:33,24.88,0.73
2021-11-07 12:27:34,24.88,0.73
2021-11-07 12:27:36,24.88,0.73
2021-11-07 12:27:37,24.88,0.73
2021-11-07 12:27:39,24.88,0.73
2021-11-07 12:27:40,24.88,0.73
2021-11-07 12:27:42,24.88,0.73
2021-11-07 12:27:44,24.88,0.73
2021-11-07 12:27:45,24.88,0.72
2021-11-07 12:27:47,24.88,0.72
2021-11-07 12:27:48,24.88,0.72
2021-11-07 12:27:50,24.88,0.72
2021-11-07 12:27:51,24.88,0.72
2021-11-07 12:27:53,24.88,0.72
2021-11-07 12:27:55,24.88,0.72
2021-11-07 12:27:56,24.88,0.72
2021-11-07 12:27:58,24.88,0.72
2021-11-07 12:27:59,24.88,0.72
2021-11-07 12:28:01,24.88,0.72
2021-11-07 12:28:02,24.94,0.72
2021-11-07 12:28:04,24.88,0.72
2021-11-07 12:28:06,24.88,0.72
2021-11-07 12:28:07,24.88,0.71
2021-11-07 12:29:54,24.88,0.71
2021-11-07 12:29:56,24.88,0.72
2021-11-07 12:29:57,24.88,0.72
2021-11-07 12:29:59,24.88,0.72
2021-11-07 12:30:00,24.88,0.72
2021-11-07 12:30:02,24.88,0.72
2021-11-07 12:30:03,24.88,0.72
2021-11-07 12:30:05,24.88,0.72
2021-11-07 12:30:07,24.88,0.72
2021-11-07 12:30:08,24.88,0.72
2021-11-07 12:30:10,24.88,0.72
2021-11-07 12:30:11,24.88,0.72
2021-11-07 12:30:13,24.88,0.72
2021-11-07 12:30:14,24.88,0.72
2021-11-07 12:30:16,24.88,0.72
2021-11-07 12:30:18,24.88,0.72
2021-11-07 12:30:19,24.88,0.72
2021-11-07 12:30:21,24.88,0.72
2021-11-07 12:30:22,24.88,0.72
2021-11-07 12:30:24,24.81,0.72
2021-11-07 12:30:25,24.81,0.71
2021-11-07 12:30:27,24.88,0.71
2021-11-07 12:30:29,24.88,0.71
2021-11-07 12:30:30,24.88,0.71
2021-11-07 12:30:32,24.88,0.71
2021-11-07 12:30:33,24.88,0.71
2021-11-07 12:30:35,24.88,0.71
2021-11-07 12:30:36,24.81,0.71
2021-11-07 12:30:38,24.81,0.71
2021-11-07 12:30:40,24.81,0.71
2021-11-07 12:30:41,24.81,0.71
2021-11-07 12:30:43,24.81,0.71
2021-11-07 12:30:44,24.88,0.71
2021-11-07 12:30:46,24.88,0.71
2021-11-07 12:30:48,24.81,0.71
2021-11-07 12:30:49,24.88,0.71
2021-11-07 12:30:51,24.81,0.71
2021-11-07 12:30:52,24.88,0.71
2021-11-07 12:30:54,24.88,0.71
2021-11-07 12:30:55,24.88,0.71
2021-11-07 12:30:57,24.88,0.71
2021-11-07 12:30:59,24.88,0.71
2021-11-07 12:31:00,24.81,0.71
2021-11-07 12:31:02,24.88,0.71
2021-11-07 12:31:04,24.88,0.71
2021-11-07 12:31:05,24.88,0.71
2021-11-07 12:31:07,24.94,0.71
2021-11-07 12:31:09,24.94,0.71
2021-11-07 12:31:10,24.88,0.71
2021-11-07 12:31:12,24.88,0.71
2021-11-07 12:31:13,24.88,0.71
2021-11-07 12:31:15,24.88,0.71
2021-11-07 12:31:16,24.94,0.71
2021-11-07 12:31:18,24.88,0.71
2021-11-07 12:31:20,24.88,0.71
2021-11-07 12:31:21,24.88,0.71
2021-11-07 12:31:23,24.94,0.71
2021-11-07 12:31:24,24.88,0.71
2021-11-07 12:31:26,24.88,0.71
2021-11-07 12:31:27,24.88,0.71
2021-11-07 12:31:29,24.88,0.71
2021-11-07 12:31:31,24.88,0.71
2021-11-07 12:31:32,24.88,0.71
2021-11-07 12:31:34,24.88,0.71
2021-11-07 12:31:35,24.94,0.71
2021-11-07 12:31:37,24.88,0.71
2021-11-07 12:31:39,24.88,0.71
2021-11-07 12:31:40,24.88,0.71
2021-11-07 12:31:42,24.88,0.72
2021-11-07 12:31:43,24.88,0.72
2021-11-07 12:31:45,24.88,0.72
2021-11-07 12:31:46,24.81,0.72
2021-11-07 12:31:48,24.88,0.72
2021-11-07 12:31:50,24.81,0.71
2021-11-07 12:31:51,24.88,0.71
2021-11-07 12:31:53,24.88,0.71
2021-11-07 12:31:54,24.88,0.71
2021-11-07 12:31:56,24.88,0.71
2021-11-07 12:31:57,24.88,0.71
2021-11-07 12:31:59,24.88,0.71
2021-11-07 12:32:01,24.81,0.71
2021-11-07 12:32:02,24.88,0.71
2021-11-07 12:32:04,24.88,0.71
2021-11-07 12:32:05,24.88,0.71
2021-11-07 12:32:07,24.88,0.71
2021-11-07 12:32:08,24.88,0.71
2021-11-07 12:32:10,24.88,0.71
2021-11-07 12:32:12,24.88,0.71
2021-11-07 12:32:13,24.88,0.71
2021-11-07 12:32:15,24.88,0.71
2021-11-07 12:32:16,24.88,0.71
2021-11-07 12:32:18,24.88,0.71
2021-11-07 12:32:19,24.88,0.71
2021-11-07 12:32:21,24.88,0.71
2021-11-07 12:32:23,24.88,0.71
2021-11-07 12:32:24,24.88,0.71
2021-11-07 12:32:26,24.88,0.71
2021-11-07 12:32:27,24.88,0.71
2021-11-07 12:32:29,24.81,0.71
2021-11-07 12:32:30,24.88,0.71
2021-11-07 12:32:32,24.88,0.71
2021-11-07 12:32:34,24.88,0.71
2021-11-07 12:32:35,24.81,0.71
2021-11-07 12:32:37,24.81,0.71
2021-11-07 12:32:38,24.88,0.71
2021-11-07 12:32:40,24.81,0.71
2021-11-07 12:32:41,24.88,0.71
2021-11-07 12:32:43,24.88,0.71
2021-11-07 12:32:45,24.88,0.71
2021-11-07 12:32:46,24.88,0.71
2021-11-07 12:32:48,24.81,0.71
2021-11-07 12:32:49,24.88,0.71
2021-11-07 12:32:51,24.88,0.71
2021-11-07 12:32:52,24.88,0.71
2021-11-07 12:32:54,24.81,0.72
2021-11-07 12:32:56,24.81,0.72
2021-11-07 12:32:57,24.88,0.72
2021-11-07 12:32:59,24.88,0.72
2021-11-07 12:33:00,24.81,0.73
2021-11-07 12:33:02,24.88,0.73
2021-11-07 12:33:03,24.88,0.72
2021-11-07 12:33:05,24.88,0.72
2021-11-07 12:33:07,24.88,0.72
2021-11-07 12:33:08,24.81,0.72
2021-11-07 12:33:10,24.81,0.72
2021-11-07 12:33:11,24.81,0.72
2021-11-07 12:33:13,24.81,0.72
2021-11-07 12:33:14,24.81,0.72
2021-11-07 12:33:16,24.81,0.72
2021-11-07 12:33:18,24.81,0.72
2021-11-07 12:33:19,24.81,0.72
2021-11-07 12:33:21,24.81,0.72
2021-11-07 12:33:22,24.81,0.72
2021-11-07 12:33:24,24.81,0.72
2021-11-07 12:33:26,24.81,0.72
2021-11-07 12:33:27,24.81,0.72
2021-11-07 12:33:29,24.81,0.72
2021-11-07 12:33:30,24.81,0.72
2021-11-07 12:33:32,24.81,0.73
2021-11-07 12:33:33,24.81,0.72
2021-11-07 12:33:35,24.81,0.72
2021-11-07 12:33:37,24.81,0.72
2021-11-07 12:33:38,24.75,0.72
2021-11-07 12:33:40,24.75,0.72
2021-11-07 12:33:41,24.75,0.73
2021-11-07 12:33:43,24.75,0.73
2021-11-07 12:33:44,24.75,0.73
2021-11-07 12:33:46,24.69,0.73
2021-11-07 12:33:48,24.75,0.73
2021-11-07 12:33:49,24.75,0.73
2021-11-07 12:33:51,24.75,0.73
2021-11-07 12:33:52,24.75,0.73
2021-11-07 12:33:54,24.75,0.73
2021-11-07 12:33:55,24.75,0.72
2021-11-07 12:33:57,24.75,0.72
2021-11-07 12:33:59,24.75,0.72
2021-11-07 12:34:00,24.75,0.72
2021-11-07 12:34:02,24.75,0.72
2021-11-07 12:34:03,24.81,0.72
2021-11-07 12:34:05,24.75,0.72
2021-11-07 12:34:06,24.75,0.72
2021-11-07 12:34:08,24.81,0.72
2021-11-07 12:34:10,24.81,0.72
2021-11-07 12:34:11,24.75,0.72
2021-11-07 12:34:13,24.75,0.72
2021-11-07 12:34:14,24.75,0.72
2021-11-07 12:34:16,24.75,0.72
2021-11-07 12:34:17,24.75,0.72
2021-11-07 12:34:19,24.75,0.72
2021-11-07 12:34:21,24.75,0.72
2021-11-07 12:34:22,24.75,0.72
2021-11-07 12:34:24,24.75,0.72
2021-11-07 12:34:25,24.75,0.72
2021-11-07 12:34:27,24.75,0.72
2021-11-07 12:34:28,24.75,0.72
2021-11-07 12:34:30,24.75,0.72
2021-11-07 12:34:32,24.81,0.72
2021-11-07 12:34:33,24.75,0.72
2021-11-07 12:34:35,24.75,0.72
2021-11-07 12:34:36,24.75,0.72
2021-11-07 12:34:38,24.75,0.72
2021-11-07 12:34:39,24.75,0.72
2021-11-07 12:34:41,24.75,0.72
2021-11-07 12:34:43,24.75,0.72
2021-11-07 12:34:44,24.75,0.72
2021-11-07 12:34:46,24.81,0.72
2021-11-07 12:34:47,24.75,0.72
2021-11-07 12:34:49,24.75,0.72
2021-11-07 12:34:50,24.75,0.72
2021-11-07 12:34:52,24.75,0.72
2021-11-07 12:34:54,24.75,0.72
2021-11-07 12:34:55,24.75,0.72
2021-11-07 12:34:57,24.75,0.72
2021-11-07 12:34:58,24.75,0.72
2021-11-07 12:35:00,24.75,0.72
2021-11-07 12:35:02,24.75,0.72
2021-11-07 12:35:03,24.69,0.72
2021-11-07 12:35:05,24.75,0.72
2021-11-07 12:35:06,24.75,0.72
2021-11-07 12:35:08,24.75,0.72
2021-11-07 12:35:09,24.69,0.72
2021-11-07 12:35:11,24.75,0.72
2021-11-07 12:35:13,24.75,0.72
2021-11-07 12:35:14,24.75,0.72
2021-11-07 12:35:16,24.69,0.72
2021-11-07 12:35:17,24.69,0.72
2021-11-07 12:35:19,24.69,0.72
2021-11-07 12:35:20,24.69,0.72
2021-11-07 12:35:22,24.69,0.72
2021-11-07 12:35:24,24.69,0.72
2021-11-07 12:35:25,24.63,0.72
2021-11-07 12:35:27,24.69,0.72
2021-11-07 12:35:28,24.69,0.72
2021-11-07 12:35:30,24.69,0.72
2021-11-07 12:35:31,24.63,0.72
2021-11-07 12:35:33,24.69,0.72
2021-11-07 12:35:35,24.63,0.72
2021-11-07 12:35:36,24.69,0.72
2021-11-07 12:35:38,24.69,0.72
2021-11-07 12:35:39,24.69,0.72
2021-11-07 12:35:41,24.69,0.72
2021-11-07 12:35:42,24.69,0.72
2021-11-07 12:35:44,24.63,0.72
2021-11-07 12:35:46,24.69,0.72
2021-11-07 12:35:47,24.69,0.72
2021-11-07 12:35:49,24.69,0.72
2021-11-07 12:35:50,24.69,0.72
2021-11-07 12:35:52,24.69,0.72
2021-11-07 12:35:53,24.69,0.72
2021-11-07 12:35:55,24.69,0.72
2021-11-07 12:35:57,24.69,0.72
2021-11-07 12:35:58,24.69,0.72
2021-11-07 12:36:00,24.63,0.72
2021-11-07 12:36:01,24.63,0.72
2021-11-07 12:36:03,24.69,0.72
2021-11-07 12:36:04,24.69,0.72
2021-11-07 12:36:06,24.69,0.72
2021-11-07 12:36:08,24.69,0.72
2021-11-07 12:36:09,24.69,0.72
2021-11-07 12:36:11,24.69,0.72
2021-11-07 12:36:12,24.69,0.72
2021-11-07 12:36:14,24.69,0.72
2021-11-07 12:36:15,24.63,0.72
2021-11-07 12:36:17,24.63,0.72
2021-11-07 12:36:19,24.69,0.72
2021-11-07 12:36:20,24.69,0.72
2021-11-07 12:36:22,24.69,0.72
2021-11-07 12:36:23,24.69,0.72
2021-11-07 12:36:25,24.63,0.72
2021-11-07 12:36:26,24.63,0.72
2021-11-07 12:36:28,24.63,0.72
2021-11-07 12:36:30,24.63,0.72
2021-11-07 12:36:31,24.69,0.72
2021-11-07 12:36:33,24.63,0.72
2021-11-07 12:36:34,24.69,0.72
2021-11-07 12:36:36,24.63,0.72
2021-11-07 12:36:38,24.63,0.72
2021-11-07 12:36:39,24.63,0.72
2021-11-07 12:36:41,24.63,0.72
2021-11-07 12:36:42,24.63,0.72
2021-11-07 12:36:44,24.63,0.72
2021-11-07 12:36:45,24.63,0.72
2021-11-07 12:36:47,24.63,0.72
2021-11-07 12:36:49,24.63,0.72
2021-11-07 12:36:50,24.69,0.72
2021-11-07 12:36:52,24.69,0.72
2021-11-07 12:36:53,24.63,0.72
2021-11-07 12:36:55,24.63,0.72
2021-11-07 12:36:56,24.63,0.72
2021-11-07 12:36:58,24.63,0.72
2021-11-07 12:37:00,24.63,0.72
2021-11-07 12:37:01,24.63,0.72
2021-11-07 12:37:03,24.63,0.72
2021-11-07 12:37:04,24.69,0.72
2021-11-07 12:37:06,24.69,0.72
2021-11-07 12:37:07,24.69,0.72
2021-11-07 12:37:09,24.63,0.72
2021-11-07 12:37:11,24.63,0.72
2021-11-07 12:37:12,24.63,0.72
2021-11-07 12:37:14,24.63,0.72
2021-11-07 12:37:15,24.63,0.72
2021-11-07 12:37:17,24.63,0.72
2021-11-07 12:37:18,24.69,0.72
2021-11-07 12:37:20,24.75,0.72
2021-11-07 12:37:22,24.69,0.72
2021-11-07 12:37:23,24.63,0.72
2021-11-07 12:37:25,24.69,0.72
2021-11-07 12:37:26,24.63,0.72
2021-11-07 12:37:28,24.63,0.72
2021-11-07 12:37:29,24.63,0.72
2021-11-07 12:37:31,24.69,0.72
2021-11-07 12:37:33,24.69,0.72
2021-11-07 12:37:34,24.63,0.72
2021-11-07 12:37:36,24.63,0.72
2021-11-07 12:37:37,24.63,0.72
2021-11-07 12:37:39,24.69,0.72
2021-11-07 12:37:40,24.63,0.72
2021-11-07 12:37:42,24.63,0.72
2021-11-07 12:37:44,24.63,0.72
2021-11-07 12:37:45,24.63,0.72
2021-11-07 12:37:47,24.63,0.71
2021-11-07 12:37:48,24.69,0.71
2021-11-07 12:37:50,24.69,0.71
2021-11-07 12:37:51,24.63,0.71
2021-11-07 12:37:53,24.56,0.71
2021-11-07 12:37:55,24.56,0.71
2021-11-07 12:37:56,24.56,0.71
2021-11-07 12:37:58,24.63,0.71
2021-11-07 12:37:59,24.63,0.72
2021-11-07 12:38:01,24.63,0.72
2021-11-07 12:38:02,24.63,0.72
2021-11-07 12:38:04,24.63,0.72
2021-11-07 12:38:06,24.56,0.72
2021-11-07 12:38:07,24.63,0.72
2021-11-07 12:38:09,24.63,0.72
2021-11-07 12:38:10,24.56,0.72
2021-11-07 12:38:12,24.56,0.72
2021-11-07 12:38:13,24.56,0.72
2021-11-07 12:38:15,24.56,0.72
2021-11-07 12:38:17,24.56,0.72
2021-11-07 12:38:18,24.56,0.72
2021-11-07 12:38:20,24.56,0.72
2021-11-07 12:38:21,24.56,0.72
2021-11-07 12:38:23,24.56,0.72
2021-11-07 12:38:25,24.56,0.72
2021-11-07 12:38:26,24.63,0.72
2021-11-07 12:38:28,24.63,0.72
2021-11-07 12:38:29,24.56,0.72
2021-11-07 12:38:31,24.56,0.72
2021-11-07 12:38:32,24.56,0.72
2021-11-07 12:38:34,24.56,0.72
2021-11-07 12:38:36,24.56,0.72
2021-11-07 12:38:37,24.56,0.72
2021-11-07 12:38:39,24.56,0.72
2021-11-07 12:38:40,24.56,0.72
2021-11-07 12:38:42,24.56,0.72
2021-11-07 12:38:43,24.56,0.72
2021-11-07 12:38:45,24.56,0.72
2021-11-07 12:38:47,24.56,0.72
2021-11-07 12:38:48,24.56,0.72
2021-11-07 12:38:50,24.63,0.72
2021-11-07 12:38:51,24.56,0.72
2021-11-07 12:38:53,24.63,0.72
2021-11-07 12:38:54,24.63,0.72
2021-11-07 12:38:56,24.63,0.72
2021-11-07 12:38:58,24.63,0.72
2021-11-07 12:38:59,24.56,0.72
2021-11-07 12:39:01,24.56,0.72
2021-11-07 12:39:02,24.56,0.72
2021-11-07 12:39:04,24.56,0.72
2021-11-07 12:39:05,24.56,0.72
2021-11-07 12:39:07,24.56,0.72
2021-11-07 12:39:09,24.56,0.72
2021-11-07 12:39:10,24.56,0.72
2021-11-07 12:39:12,24.56,0.72
2021-11-07 12:39:13,24.56,0.72
2021-11-07 12:39:15,24.56,0.72
2021-11-07 12:39:16,24.56,0.72
2021-11-07 12:39:18,24.56,0.72
2021-11-07 12:39:20,24.56,0.72
2021-11-07 12:39:21,24.56,0.72
2021-11-07 12:39:23,24.50,0.72
2021-11-07 12:39:24,24.56,0.72
2021-11-07 12:39:26,24.56,0.72
2021-11-07 12:39:27,24.56,0.72
2021-11-07 12:39:29,24.56,0.72
2021-11-07 12:39:31,24.50,0.72
2021-11-07 12:39:32,24.56,0.72
2021-11-07 12:39:34,24.56,0.72
2021-11-07 12:39:35,24.50,0.72
2021-11-07 12:39:37,24.56,0.72
2021-11-07 12:39:38,24.56,0.72
2021-11-07 12:39:40,24.56,0.71
2021-11-07 12:39:42,24.56,0.71
2021-11-07 12:39:43,24.56,0.71
2021-11-07 12:39:45,24.56,0.71
2021-11-07 12:39:46,24.56,0.71
2021-11-07 12:39:48,24.56,0.71
2021-11-07 12:39:49,24.56,0.71
2021-11-07 12:39:51,24.50,0.71
2021-11-07 12:39:53,24.56,0.71
2021-11-07 12:39:54,24.56,0.71
2021-11-07 12:39:56,24.56,0.71
2021-11-07 12:39:57,24.56,0.71
2021-11-07 12:39:59,24.56,0.71
2021-11-07 12:40:00,24.56,0.71
2021-11-07 12:40:02,24.56,0.71
2021-11-07 12:40:04,24.56,0.71
2021-11-07 12:40:05,24.56,0.71
2021-11-07 12:40:07,24.56,0.71
2021-11-07 12:40:08,24.50,0.71
2021-11-07 12:40:10,24.56,0.71
2021-11-07 12:40:12,24.50,0.71
2021-11-07 12:40:13,24.50,0.71
2021-11-07 12:40:15,24.50,0.71
2021-11-07 12:40:16,24.56,0.71
2021-11-07 12:40:18,24.56,0.71
2021-11-07 12:40:19,24.50,0.71
2021-11-07 12:40:21,24.56,0.71
2021-11-07 12:40:23,24.56,0.71
2021-11-07 12:40:24,24.50,0.71
2021-11-07 12:40:26,24.50,0.71
2021-11-07 12:40:27,24.56,0.71
2021-11-07 12:40:29,24.50,0.71
2021-11-07 12:40:30,24.50,0.71
2021-11-07 12:40:32,24.50,0.71
2021-11-07 12:40:34,24.50,0.71
2021-11-07 12:40:35,24.50,0.71
2021-11-07 12:40:37,24.50,0.71
2021-11-07 12:40:38,24.50,0.71
2021-11-07 12:40:40,24.50,0.71
2021-11-07 12:40:41,24.50,0.71
2021-11-07 12:40:43,24.50,0.71
2021-11-07 12:40:45,24.50,0.71
2021-11-07 12:40:46,24.50,0.71
2021-11-07 12:40:48,24.44,0.71
2021-11-07 12:40:49,24.44,0.71
2021-11-07 12:40:51,24.44,0.71
2021-11-07 12:40:52,24.50,0.71
2021-11-07 12:40:54,24.50,0.71
2021-11-07 12:40:56,24.44,0.71
2021-11-07 12:40:57,24.50,0.71
2021-11-07 12:40:59,24.50,0.71
2021-11-07 12:41:00,24.50,0.71
2021-11-07 12:41:02,24.50,0.71
2021-11-07 12:41:03,24.50,0.71
2021-11-07 12:41:05,24.44,0.71
2021-11-07 12:41:07,24.44,0.71
2021-11-07 12:41:08,24.50,0.71
2021-11-07 12:41:10,24.50,0.71
2021-11-07 12:41:11,24.44,0.71
2021-11-07 12:41:13,24.50,0.71
2021-11-07 12:41:14,24.50,0.71
2021-11-07 12:41:16,24.44,0.71
2021-11-07 12:41:18,24.44,0.71
2021-11-07 12:41:19,24.50,0.71
2021-11-07 12:41:21,24.50,0.71
2021-11-07 12:41:22,24.44,0.71
2021-11-07 12:41:24,24.50,0.71
2021-11-07 12:41:25,24.44,0.70
2021-11-07 12:41:27,24.44,0.70
2021-11-07 12:41:29,24.44,0.70
2021-11-07 12:41:30,24.50,0.71
2021-11-07 12:41:32,24.44,0.71
2021-11-07 12:41:33,24.50,0.71
2021-11-07 12:41:35,24.44,0.71
2021-11-07 12:41:36,24.44,0.71
2021-11-07 12:41:38,24.44,0.71
2021-11-07 12:41:40,24.44,0.71
2021-11-07 12:41:41,24.44,0.71
2021-11-07 12:41:43,24.44,0.71
2021-11-07 12:41:44,24.44,0.71
2021-11-07 12:41:46,24.44,0.71
2021-11-07 12:41:48,24.38,0.71
2021-11-07 12:41:49,24.38,0.71
2021-11-07 12:41:51,24.44,0.71
2021-11-07 12:41:52,24.44,0.71
2021-11-07 12:41:54,24.44,0.71
2021-11-07 12:41:55,24.44,0.71
2021-11-07 12:41:57,24.44,0.71
2021-11-07 12:41:59,24.44,0.71
2021-11-07 12:42:00,24.44,0.71
2021-11-07 12:42:02,24.44,0.71
2021-11-07 12:42:03,24.44,0.71
2021-11-07 12:42:05,24.44,0.71
2021-11-07 12:42:06,24.44,0.71
2021-11-07 12:42:08,24.44,0.71
2021-11-07 12:42:10,24.44,0.71
2021-11-07 12:42:11,24.44,0.71
2021-11-07 12:42:13,24.44,0.71
2021-11-07 12:42:14,24.44,0.70
2021-11-07 12:42:16,24.44,0.70
2021-11-07 12:42:17,24.44,0.70
2021-11-07 12:42:19,24.44,0.70
2021-11-07 12:42:21,24.44,0.70
2021-11-07 12:42:22,24.44,0.70
2021-11-07 12:42:24,24.44,0.70
2021-11-07 12:42:25,24.44,0.70
2021-11-07 12:42:27,24.44,0.70
2021-11-07 12:42:28,24.38,0.70
2021-11-07 12:42:30,24.44,0.70
2021-11-07 12:42:32,24.44,0.70
2021-11-07 12:42:33,24.44,0.70
2021-11-07 12:42:35,24.38,0.70
2021-11-07 12:42:36,24.38,0.70
2021-11-07 12:42:38,24.38,0.70
2021-11-07 12:42:39,24.38,0.70
2021-11-07 12:42:41,24.44,0.70
2021-11-07 12:42:43,24.38,0.70
2021-11-07 12:42:44,24.44,0.70
2021-11-07 12:42:46,24.38,0.70
2021-11-07 12:42:47,24.38,0.70
2021-11-07 12:42:49,24.38,0.70
2021-11-07 12:42:50,24.38,0.70
2021-11-07 12:42:52,24.38,0.70
2021-11-07 12:42:54,24.38,0.70
2021-11-07 12:42:55,24.38,0.70
2021-11-07 12:42:57,24.38,0.70
2021-11-07 12:42:58,24.38,0.70
2021-11-07 12:43:00,24.38,0.70
2021-11-07 12:43:01,24.38,0.70
2021-11-07 12:43:03,24.38,0.70
2021-11-07 12:43:05,24.38,0.70
2021-11-07 12:43:06,24.38,0.70
2021-11-07 12:43:08,24.38,0.70
2021-11-07 12:43:09,24.44,0.70
2021-11-07 12:43:11,24.38,0.70
2021-11-07 12:43:12,24.44,0.70
2021-11-07 12:43:14,24.38,0.70
2021-11-07 12:43:16,24.38,0.70
2021-11-07 12:43:17,24.38,0.70
2021-11-07 12:43:19,24.38,0.70
2021-11-07 12:43:20,24.38,0.70
2021-11-07 12:43:22,24.38,0.70
2021-11-07 12:43:23,24.44,0.70
2021-11-07 12:43:25,24.44,0.70
2021-11-07 12:43:27,24.38,0.70
2021-11-07 12:43:28,24.38,0.70
2021-11-07 12:43:30,24.38,0.70
2021-11-07 12:43:31,24.44,0.70
2021-11-07 12:43:33,24.38,0.70
2021-11-07 12:43:35,24.38,0.70
2021-11-07 12:43:36,24.38,0.70
2021-11-07 12:43:38,24.38,0.70
2021-11-07 12:43:39,24.44,0.70
2021-11-07 12:43:41,24.38,0.70
2021-11-07 12:43:42,24.38,0.70
2021-11-07 12:43:44,24.38,0.70
2021-11-07 12:43:46,24.38,0.70
2021-11-07 12:43:47,24.38,0.70
2021-11-07 12:43:49,24.38,0.70
2021-11-07 12:43:50,24.38,0.70
2021-11-07 12:43:52,24.38,0.70
2021-11-07 12:43:53,24.38,0.70
2021-11-07 12:43:55,24.38,0.70
2021-11-07 12:43:57,24.38,0.70
2021-11-07 12:43:58,24.38,0.70
2021-11-07 12:44:00,24.38,0.70
2021-11-07 12:44:01,24.38,0.70
2021-11-07 12:44:03,24.38,0.70
2021-11-07 12:44:04,24.38,0.70
2021-11-07 12:44:06,24.38,0.70
2021-11-07 12:44:08,24.38,0.70
2021-11-07 12:44:09,24.38,0.70
2021-11-07 12:44:11,24.38,0.70
2021-11-07 12:44:12,24.38,0.70
2021-11-07 12:44:14,24.38,0.70
2021-11-07 12:44:15,24.38,0.70
2021-11-07 12:44:17,24.44,0.70
2021-11-07 12:44:19,24.38,0.70
2021-11-07 12:44:20,24.38,0.70
2021-11-07 12:44:22,24.38,0.70
2021-11-07 12:44:23,24.38,0.71
2021-11-07 12:44:25,24.44,0.70
2021-11-07 12:44:26,24.38,0.70
2021-11-07 12:44:28,24.38,0.70
2021-11-07 12:44:30,24.38,0.70
2021-11-07 12:44:31,24.38,0.70
2021-11-07 12:44:33,24.31,0.70
2021-11-07 12:44:34,24.38,0.70
2021-11-07 12:44:36,24.31,0.70
2021-11-07 12:44:37,24.38,0.70
2021-11-07 12:44:39,24.38,0.70
2021-11-07 12:44:41,24.38,0.70
2021-11-07 12:44:42,24.38,0.70
2021-11-07 12:44:44,24.38,0.70
2021-11-07 12:44:45,24.38,0.70
2021-11-07 12:44:47,24.38,0.70
2021-11-07 12:44:48,24.38,0.70
2021-11-07 12:44:50,24.38,0.71
2021-11-07 12:44:52,24.44,0.70
2021-11-07 12:44:53,24.38,0.70
2021-11-07 12:44:55,24.38,0.70
2021-11-07 12:44:56,24.38,0.70
2021-11-07 12:44:58,24.44,0.70
2021-11-07 12:44:59,24.38,0.70
2021-11-07 12:45:01,24.38,0.70
2021-11-07 12:45:03,24.38,0.70
2021-11-07 12:45:04,24.31,0.70
2021-11-07 12:45:06,24.38,0.70
2021-11-07 12:45:07,24.38,0.70
2021-11-07 12:45:09,24.38,0.70
2021-11-07 12:45:11,24.31,0.70
2021-11-07 12:45:12,24.31,0.70
2021-11-07 12:45:14,24.31,0.70
2021-11-07 12:45:15,24.31,0.70
2021-11-07 12:45:17,24.31,0.70
2021-11-07 12:45:18,24.38,0.70
2021-11-07 12:45:20,24.31,0.70
2021-11-07 12:45:22,24.38,0.70
2021-11-07 12:45:23,24.38,0.70
2021-11-07 12:45:25,24.31,0.70
2021-11-07 12:45:26,24.31,0.70
2021-11-07 12:45:28,24.38,0.70
2021-11-07 12:45:29,24.31,0.70
2021-11-07 12:45:31,24.31,0.70
2021-11-07 12:45:33,24.31,0.70
2021-11-07 12:45:34,24.31,0.70
2021-11-07 12:45:36,24.31,0.70
2021-11-07 12:45:37,24.31,0.70
2021-11-07 12:45:39,24.31,0.70
2021-11-07 12:45:40,24.38,0.70
2021-11-07 12:45:42,24.38,0.70
2021-11-07 12:45:44,24.38,0.70
2021-11-07 12:45:45,24.31,0.70
2021-11-07 12:45:47,24.31,0.70
2021-11-07 12:45:48,24.31,0.70
2021-11-07 12:45:50,24.31,0.70
2021-11-07 12:45:51,24.25,0.70
2021-11-07 12:45:53,24.31,0.70
2021-11-07 12:45:55,24.25,0.70
2021-11-07 12:45:56,24.31,0.70
2021-11-07 12:45:58,24.25,0.70
2021-11-07 12:45:59,24.25,0.70
2021-11-07 12:46:01,24.31,0.70
2021-11-07 12:46:02,24.31,0.70
2021-11-07 12:46:04,24.31,0.70
2021-11-07 12:46:06,24.25,0.70
2021-11-07 12:46:07,24.31,0.70
2021-11-07 12:46:09,24.31,0.70
2021-11-07 12:46:10,24.31,0.70
2021-11-07 12:46:12,24.31,0.70
2021-11-07 12:46:13,24.25,0.70
2021-11-07 12:46:15,24.31,0.70
2021-11-07 12:46:17,24.31,0.70
2021-11-07 12:46:18,24.31,0.70
2021-11-07 12:46:20,24.31,0.70
2021-11-07 12:46:21,24.31,0.70
2021-11-07 12:46:23,24.25,0.71
2021-11-07 12:46:24,24.31,0.71
2021-11-07 12:46:26,24.31,0.71
2021-11-07 12:46:28,24.25,0.71
2021-11-07 12:46:29,24.25,0.71
2021-11-07 12:46:31,24.25,0.71
2021-11-07 12:46:32,24.25,0.71
2021-11-07 12:46:34,24.31,0.71
2021-11-07 12:46:35,24.25,0.71
2021-11-07 12:46:37,24.25,0.71
2021-11-07 12:46:39,24.25,0.71
2021-11-07 12:46:40,24.25,0.71
2021-11-07 12:46:42,24.25,0.71
2021-11-07 12:46:43,24.25,0.71
2021-11-07 12:46:45,24.25,0.71
2021-11-07 12:46:47,24.25,0.71
2021-11-07 12:46:48,24.25,0.71
2021-11-07 12:46:50,24.25,0.71
2021-11-07 12:46:51,24.25,0.71
2021-11-07 12:46:53,24.25,0.71
2021-11-07 12:46:54,24.19,0.71
2021-11-07 12:46:56,24.25,0.71
2021-11-07 12:46:58,24.25,0.71
2021-11-07 12:46:59,24.25,0.71
2021-11-07 12:47:01,24.19,0.71
2021-11-07 12:47:02,24.19,0.71
2021-11-07 12:47:04,24.25,0.71
2021-11-07 12:47:05,24.25,0.71
2021-11-07 12:47:07,24.25,0.71
2021-11-07 12:47:09,24.19,0.71
2021-11-07 12:47:10,24.19,0.71
2021-11-07 12:47:12,24.19,0.71
2021-11-07 12:47:13,24.19,0.71
2021-11-07 12:47:15,24.19,0.71
2021-11-07 12:47:16,24.25,0.71
2021-11-07 12:47:18,24.19,0.71
2021-11-07 12:47:20,24.25,0.71
2021-11-07 12:47:21,24.25,0.71
2021-11-07 12:47:23,24.25,0.71
2021-11-07 12:47:24,24.25,0.71
2021-11-07 12:47:26,24.25,0.71
2021-11-07 12:47:27,24.25,0.71
2021-11-07 12:47:29,24.25,0.71
2021-11-07 12:47:31,24.25,0.71
2021-11-07 12:47:32,24.25,0.71
2021-11-07 12:47:34,24.25,0.71
2021-11-07 12:47:35,24.25,0.71
2021-11-07 12:47:37,24.25,0.71
2021-11-07 12:47:38,24.25,0.71
2021-11-07 12:47:40,24.25,0.71
2021-11-07 12:47:42,24.25,0.71
2021-11-07 12:47:43,24.25,0.71
2021-11-07 12:47:45,24.25,0.71
2021-11-07 12:47:46,24.25,0.71
2021-11-07 12:47:48,24.19,0.71
2021-11-07 12:47:49,24.25,0.71
2021-11-07 12:47:51,24.25,0.71
2021-11-07 12:47:53,24.25,0.71
2021-11-07 12:47:54,24.25,0.71
2021-11-07 12:47:56,24.19,0.71
2021-11-07 12:47:57,24.25,0.71
2021-11-07 12:47:59,24.25,0.71
2021-11-07 12:48:00,24.25,0.71
2021-11-07 12:48:02,24.25,0.71
2021-11-07 12:48:04,24.25,0.71
2021-11-07 12:48:05,24.31,0.71
2021-11-07 12:48:07,24.25,0.71
2021-11-07 12:48:08,24.25,0.71
2021-11-07 12:48:10,24.25,0.71
2021-11-07 12:48:11,24.25,0.71
2021-11-07 12:48:13,24.25,0.71
2021-11-07 12:48:15,24.25,0.71
2021-11-07 12:48:16,24.25,0.71
2021-11-07 12:48:18,24.25,0.71
2021-11-07 12:48:19,24.25,0.71
2021-11-07 12:48:21,24.25,0.71
2021-11-07 12:48:22,24.25,0.71
2021-11-07 12:48:24,24.25,0.71
2021-11-07 12:48:26,24.25,0.71
2021-11-07 12:48:27,24.25,0.71
2021-11-07 12:48:29,24.25,0.71
2021-11-07 12:48:30,24.25,0.71
2021-11-07 12:48:32,24.25,0.71
2021-11-07 12:48:34,24.25,0.71
2021-11-07 12:48:35,24.31,0.71
2021-11-07 12:48:37,24.31,0.71
2021-11-07 12:48:38,24.31,0.71
2021-11-07 12:48:40,24.25,0.71
2021-11-07 12:48:41,24.25,0.71
2021-11-07 12:48:43,24.31,0.71
2021-11-07 12:48:45,24.31,0.71
2021-11-07 12:48:46,24.25,0.71
2021-11-07 12:48:48,24.31,0.71
2021-11-07 12:48:49,24.25,0.71
2021-11-07 12:48:51,24.31,0.71
2021-11-07 12:48:52,24.25,0.71
2021-11-07 12:48:54,24.31,0.71
2021-11-07 12:48:56,24.25,0.71
2021-11-07 12:48:57,24.25,0.71
2021-11-07 12:48:59,24.19,0.71
2021-11-07 12:49:00,24.25,0.71
2021-11-07 12:49:02,24.31,0.71
2021-11-07 12:49:03,24.19,0.71
2021-11-07 12:49:05,24.25,0.71
2021-11-07 12:49:07,24.19,0.71
2021-11-07 12:49:08,24.25,0.71
2021-11-07 12:49:10,24.19,0.71
2021-11-07 12:49:11,24.19,0.71
2021-11-07 12:49:13,24.19,0.71
2021-11-07 12:49:14,24.19,0.71
2021-11-07 12:49:16,24.19,0.71
2021-11-07 12:49:18,24.19,0.71
2021-11-07 12:49:19,24.19,0.71
2021-11-07 12:49:21,24.19,0.71
2021-11-07 12:49:22,24.19,0.71
2021-11-07 12:49:24,24.19,0.71
2021-11-07 12:49:25,24.19,0.71
2021-11-07 12:49:27,24.19,0.71
2021-11-07 12:49:29,24.19,0.71
2021-11-07 12:49:30,24.19,0.71
2021-11-07 12:49:32,24.19,0.71
2021-11-07 12:49:33,24.19,0.71
2021-11-07 12:49:35,24.19,0.71
2021-11-07 12:49:36,24.19,0.71
2021-11-07 12:49:38,24.19,0.71
2021-11-07 12:49:40,24.19,0.71
2021-11-07 12:49:41,24.19,0.71
2021-11-07 12:49:43,24.19,0.71
2021-11-07 12:49:44,24.19,0.71
2021-11-07 12:49:46,24.19,0.71
2021-11-07 12:49:47,24.19,0.71
2021-11-07 12:49:49,24.19,0.71
2021-11-07 12:49:51,24.19,0.71
2021-11-07 12:49:52,24.25,0.71
2021-11-07 12:49:54,24.19,0.71
2021-11-07 12:49:55,24.19,0.71
2021-11-07 12:49:57,24.19,0.71
2021-11-07 12:49:58,24.19,0.71
2021-11-07 12:50:00,24.19,0.71
2021-11-07 12:50:02,24.19,0.71
2021-11-07 12:50:03,24.19,0.71
2021-11-07 12:50:05,24.19,0.71
2021-11-07 12:50:06,24.19,0.71
2021-11-07 12:50:08,24.19,0.71
2021-11-07 12:50:10,24.19,0.71
2021-11-07 12:50:11,24.25,0.71
2021-11-07 12:50:13,24.25,0.71
2021-11-07 12:50:14,24.25,0.71
2021-11-07 12:50:16,24.25,0.71
2021-11-07 12:50:17,24.25,0.71
2021-11-07 12:50:19,24.25,0.71
2021-11-07 12:50:21,24.25,0.71
2021-11-07 12:50:22,24.25,0.71
2021-11-07 12:50:24,24.25,0.71
2021-11-07 12:50:25,24.19,0.71
2021-11-07 12:50:27,24.19,0.71
2021-11-07 12:50:28,24.19,0.71
2021-11-07 12:50:30,24.19,0.71
2021-11-07 12:50:32,24.19,0.71
2021-11-07 12:50:33,24.19,0.71
2021-11-07 12:50:35,24.19,0.71
2021-11-07 12:50:36,24.19,0.71
2021-11-07 12:50:38,24.19,0.71
2021-11-07 12:50:39,24.19,0.71
2021-11-07 12:50:41,24.19,0.71
2021-11-07 12:50:43,24.19,0.71
2021-11-07 12:50:44,24.19,0.71
2021-11-07 12:50:46,24.19,0.71
2021-11-07 12:50:47,24.19,0.71
2021-11-07 12:50:49,24.19,0.71
2021-11-07 12:50:50,24.19,0.71
2021-11-07 12:50:52,24.13,0.71
2021-11-07 12:50:54,24.19,0.71
2021-11-07 12:50:55,24.19,0.71
2021-11-07 12:50:57,24.19,0.71
2021-11-07 12:50:58,24.19,0.71
2021-11-07 12:51:00,24.19,0.71
2021-11-07 12:51:01,24.19,0.71
2021-11-07 12:51:03,24.25,0.71
2021-11-07 12:51:05,24.19,0.71
2021-11-07 12:51:06,24.19,0.71
2021-11-07 12:51:08,24.25,0.71
2021-11-07 12:51:09,24.25,0.71
2021-11-07 12:51:11,24.25,0.71
2021-11-07 12:51:12,24.19,0.71
2021-11-07 12:51:14,24.25,0.71
2021-11-07 12:51:16,24.25,0.71
2021-11-07 12:51:17,24.25,0.71
2021-11-07 12:51:19,24.25,0.71
2021-11-07 12:51:20,24.19,0.71
2021-11-07 12:51:22,24.19,0.71
2021-11-07 12:51:23,24.19,0.71
2021-11-07 12:51:25,24.19,0.71
2021-11-07 12:51:27,24.19,0.71
2021-11-07 12:51:28,24.19,0.71
2021-11-07 12:51:30,24.19,0.71
2021-11-07 12:51:31,24.19,0.71
2021-11-07 12:51:33,24.19,0.71
2021-11-07 12:51:34,24.19,0.71
2021-11-07 12:51:36,24.19,0.71
2021-11-07 12:51:38,24.19,0.71
2021-11-07 12:51:39,24.19,0.71
2021-11-07 12:51:41,24.19,0.71
2021-11-07 12:51:42,24.19,0.71
2021-11-07 12:51:44,24.19,0.71
2021-11-07 12:51:46,24.13,0.71
2021-11-07 12:51:47,24.19,0.71
2021-11-07 12:51:49,24.19,0.71
2021-11-07 12:51:50,24.19,0.71
2021-11-07 12:51:52,24.19,0.71
2021-11-07 12:51:53,24.19,0.71
2021-11-07 12:51:55,24.19,0.71
2021-11-07 12:51:57,24.19,0.71
2021-11-07 12:51:58,24.19,0.71
2021-11-07 12:52:00,24.19,0.71
2021-11-07 12:52:01,24.19,0.71
2021-11-07 12:52:03,24.19,0.71
2021-11-07 12:52:04,24.19,0.71
2021-11-07 12:52:06,24.19,0.71
2021-11-07 12:52:08,24.19,0.71
2021-11-07 12:52:09,24.13,0.71
2021-11-07 12:52:11,24.19,0.71
2021-11-07 12:52:12,24.13,0.71
2021-11-07 12:52:14,24.19,0.71
2021-11-07 12:52:15,24.19,0.71
2021-11-07 12:52:17,24.13,0.71
2021-11-07 12:52:19,24.13,0.71
2021-11-07 12:52:20,24.13,0.71
2021-11-07 12:52:22,24.19,0.71
2021-11-07 12:52:23,24.19,0.71
2021-11-07 12:52:25,24.19,0.71
2021-11-07 12:52:26,24.13,0.71
2021-11-07 12:52:28,24.19,0.71
2021-11-07 12:52:30,24.19,0.72
2021-11-07 12:52:31,24.13,0.72
2021-11-07 12:52:33,24.13,0.71
2021-11-07 12:52:34,24.06,0.71
2021-11-07 12:52:36,24.13,0.71
2021-11-07 12:52:37,24.06,0.71
2021-11-07 12:52:39,24.13,0.71
2021-11-07 12:52:41,24.13,0.71
2021-11-07 12:52:42,24.13,0.71
2021-11-07 12:52:44,24.13,0.71
2021-11-07 12:52:45,24.13,0.71
2021-11-07 12:52:47,24.13,0.71
2021-11-07 12:52:48,24.13,0.71
2021-11-07 12:52:50,24.13,0.71
2021-11-07 12:52:52,24.13,0.71
2021-11-07 12:52:53,24.13,0.71
2021-11-07 12:52:55,24.13,0.71
2021-11-07 12:52:56,24.19,0.72
2021-11-07 12:52:58,24.13,0.72
2021-11-07 12:52:59,24.13,0.72
2021-11-07 12:53:01,24.13,0.72
2021-11-07 12:53:03,24.13,0.71
2021-11-07 12:53:04,24.13,0.72
2021-11-07 12:53:06,24.13,0.71
2021-11-07 12:53:07,24.13,0.71
2021-11-07 12:53:09,24.19,0.71
2021-11-07 12:53:10,24.19,0.71
2021-11-07 12:53:12,24.19,0.71
2021-11-07 12:53:14,24.19,0.72
2021-11-07 12:53:15,24.19,0.72
2021-11-07 12:53:17,24.25,0.72
2021-11-07 12:53:18,24.25,0.72
2021-11-07 12:53:20,24.19,0.71
2021-11-07 12:53:22,24.19,0.71
2021-11-07 12:53:23,24.19,0.72
2021-11-07 12:53:25,24.25,0.72
2021-11-07 12:53:26,24.25,0.72
2021-11-07 12:53:28,24.25,0.71
2021-11-07 12:53:29,24.19,0.71
2021-11-07 12:53:31,24.19,0.71
2021-11-07 12:53:33,24.19,0.71
2021-11-07 12:53:34,24.19,0.71
2021-11-07 12:53:36,24.19,0.72
2021-11-07 12:53:37,24.19,0.72
2021-11-07 12:53:39,24.19,0.72
2021-11-07 12:53:40,24.25,0.72
2021-11-07 12:53:42,24.25,0.72
2021-11-07 12:53:44,24.19,0.72
2021-11-07 12:53:45,24.19,0.72
2021-11-07 12:53:47,24.19,0.72
2021-11-07 12:53:48,24.19,0.72
2021-11-07 12:53:50,24.25,0.72
2021-11-07 12:53:51,24.25,0.72
2021-11-07 12:53:53,24.19,0.72
2021-11-07 12:53:55,24.19,0.72
2021-11-07 12:53:56,24.19,0.72
2021-11-07 12:53:58,24.19,0.72
2021-11-07 12:53:59,24.19,0.72
2021-11-07 12:54:01,24.19,0.72
2021-11-07 12:54:02,24.19,0.72
2021-11-07 12:54:04,24.19,0.72
2021-11-07 12:54:06,24.19,0.71
2021-11-07 12:54:07,24.19,0.71
2021-11-07 12:54:09,24.19,0.71
2021-11-07 12:54:10,24.19,0.71
2021-11-07 12:54:12,24.19,0.72
2021-11-07 12:54:13,24.25,0.72
2021-11-07 12:54:15,24.25,0.72
2021-11-07 12:54:17,24.19,0.72
2021-11-07 12:54:18,24.19,0.72
2021-11-07 12:54:20,24.25,0.73
2021-11-07 12:54:21,24.25,0.73
2021-11-07 12:54:23,24.25,0.73
2021-11-07 12:54:24,24.25,0.73
2021-11-07 12:54:26,24.25,0.73
2021-11-07 12:54:28,24.25,0.73
2021-11-07 12:54:29,24.25,0.73
2021-11-07 12:54:31,24.25,0.73
2021-11-07 12:54:32,24.25,0.73
2021-11-07 12:54:34,24.19,0.73
2021-11-07 12:54:35,24.19,0.73
2021-11-07 12:54:37,24.19,0.73
2021-11-07 12:54:39,24.25,0.73
2021-11-07 12:54:40,24.19,0.73
2021-11-07 12:54:42,24.19,0.73
2021-11-07 12:54:43,24.19,0.73
2021-11-07 12:54:45,24.19,0.73
2021-11-07 12:54:46,24.19,0.73
2021-11-07 12:54:48,24.25,0.73
2021-11-07 12:54:50,24.25,0.73
2021-11-07 12:54:51,24.19,0.73
2021-11-07 12:54:53,24.25,0.73
2021-11-07 12:54:54,24.25,0.73
2021-11-07 12:54:56,24.19,0.73
2021-11-07 12:54:57,24.19,0.73
2021-11-07 12:54:59,24.25,0.73
2021-11-07 12:55:01,24.25,0.73
2021-11-07 12:55:02,24.25,0.73
2021-11-07 12:55:04,24.25,0.73
2021-11-07 12:55:05,24.25,0.73
2021-11-07 12:55:07,24.25,0.73
2021-11-07 12:55:09,24.25,0.73
2021-11-07 12:55:10,24.25,0.73
2021-11-07 12:55:12,24.25,0.73
2021-11-07 12:55:13,24.25,0.73
2021-11-07 12:55:15,24.25,0.73
2021-11-07 12:55:16,24.25,0.73
2021-11-07 12:55:18,24.25,0.73
2021-11-07 12:55:20,24.25,0.73
2021-11-07 12:55:21,24.25,0.73
2021-11-07 12:55:23,24.25,0.73
2021-11-07 12:55:24,24.25,0.73
2021-11-07 12:55:26,24.25,0.73
2021-11-07 12:55:27,24.25,0.73
2021-11-07 12:55:29,24.25,0.73
2021-11-07 12:55:31,24.25,0.73
2021-11-07 12:55:32,24.25,0.73
2021-11-07 12:55:34,24.25,0.73
2021-11-07 12:55:35,24.25,0.73
2021-11-07 12:55:37,24.25,0.73
2021-11-07 12:55:38,24.25,0.73
2021-11-07 12:55:40,24.25,0.73
2021-11-07 12:55:42,24.31,0.73
2021-11-07 12:55:43,24.31,0.73
2021-11-07 12:55:45,24.25,0.73
2021-11-07 12:55:46,24.25,0.73
2021-11-07 12:55:48,24.25,0.73
2021-11-07 12:55:49,24.25,0.73
2021-11-07 12:55:51,24.25,0.73
2021-11-07 12:55:53,24.19,0.73
2021-11-07 12:55:54,24.25,0.73
2021-11-07 12:55:56,24.19,0.73
2021-11-07 12:55:57,24.25,0.73
2021-11-07 12:55:59,24.25,0.73
2021-11-07 12:56:00,24.19,0.72
2021-11-07 12:56:02,24.25,0.72
2021-11-07 12:56:04,24.25,0.72
2021-11-07 12:56:05,24.25,0.72
2021-11-07 12:56:07,24.25,0.72
2021-11-07 12:56:08,24.25,0.72
2021-11-07 12:56:10,24.25,0.72
2021-11-07 12:56:12,24.25,0.72
2021-11-07 12:56:13,24.25,0.72
2021-11-07 12:56:15,24.25,0.72
2021-11-07 12:56:16,24.25,0.72
2021-11-07 12:56:18,24.25,0.71
2021-11-07 12:56:19,24.25,0.71
2021-11-07 12:56:21,24.31,0.71
2021-11-07 12:56:23,24.31,0.71
2021-11-07 12:56:24,24.31,0.72
2021-11-07 12:56:26,24.31,0.72
2021-11-07 12:56:27,24.25,0.72
2021-11-07 12:56:29,24.31,0.72
2021-11-07 12:56:30,24.25,0.72
2021-11-07 12:56:32,24.25,0.72
2021-11-07 12:56:34,24.25,0.72
2021-11-07 12:56:35,24.25,0.72
2021-11-07 12:56:37,24.25,0.72
2021-11-07 12:56:38,24.25,0.72
2021-11-07 12:56:40,24.25,0.72
2021-11-07 12:56:41,24.25,0.72
2021-11-07 12:56:43,24.25,0.72
2021-11-07 12:56:45,24.25,0.72
2021-11-07 12:56:46,24.25,0.72
2021-11-07 12:56:48,24.25,0.72
2021-11-07 12:56:49,24.25,0.72
2021-11-07 12:56:51,24.31,0.72
2021-11-07 12:56:53,24.31,0.72
2021-11-07 12:56:54,24.25,0.72
2021-11-07 12:56:56,24.25,0.72
2021-11-07 12:56:57,24.25,0.72
2021-11-07 12:56:59,24.25,0.72
2021-11-07 12:57:00,24.25,0.72
2021-11-07 12:57:02,24.25,0.72
2021-11-07 12:57:04,24.25,0.72
2021-11-07 12:57:05,24.25,0.72
2021-11-07 12:57:07,24.25,0.72
2021-11-07 12:57:08,24.25,0.72
2021-11-07 12:57:10,24.25,0.72
2021-11-07 12:57:11,24.25,0.72
2021-11-07 12:57:13,24.25,0.72
2021-11-07 12:57:15,24.25,0.72
2021-11-07 12:57:16,24.25,0.72
2021-11-07 12:57:18,24.25,0.72
2021-11-07 12:57:19,24.25,0.72
2021-11-07 12:57:21,24.25,0.72
2021-11-07 12:57:22,24.25,0.72
2021-11-07 12:57:24,24.25,0.72
2021-11-07 12:57:26,24.25,0.72
2021-11-07 12:57:27,24.25,0.72
2021-11-07 12:57:29,24.25,0.72
2021-11-07 12:57:30,24.19,0.72
2021-11-07 12:57:32,24.19,0.72
2021-11-07 12:57:33,24.25,0.72
2021-11-07 12:57:35,24.25,0.72
2021-11-07 12:57:37,24.25,0.72
2021-11-07 12:57:38,24.25,0.72
2021-11-07 12:57:40,24.25,0.72
2021-11-07 12:57:41,24.25,0.72
2021-11-07 12:57:43,24.19,0.72
2021-11-07 12:57:45,24.25,0.72
2021-11-07 12:57:46,24.25,0.72
2021-11-07 12:57:48,24.25,0.72
2021-11-07 12:57:49,24.25,0.72
2021-11-07 12:57:51,24.25,0.72
2021-11-07 12:57:52,24.25,0.72
2021-11-07 12:57:54,24.25,0.72
2021-11-07 12:57:56,24.25,0.72
2021-11-07 12:57:57,24.19,0.72
2021-11-07 12:57:59,24.25,0.72
2021-11-07 12:58:00,24.25,0.72
2021-11-07 12:58:02,24.25,0.72
2021-11-07 12:58:03,24.25,0.72
2021-11-07 12:58:05,24.25,0.72
2021-11-07 12:58:07,24.25,0.72
2021-11-07 12:58:08,24.25,0.72
2021-11-07 12:58:10,24.25,0.72
2021-11-07 12:58:11,24.25,0.72
2021-11-07 12:58:13,24.25,0.72
2021-11-07 12:58:14,24.25,0.72
2021-11-07 12:58:16,24.25,0.72
2021-11-07 12:58:18,24.25,0.72
2021-11-07 12:58:19,24.25,0.72
2021-11-07 12:58:21,24.25,0.72
2021-11-07 12:58:22,24.25,0.72
2021-11-07 12:58:24,24.31,0.71
2021-11-07 12:58:25,24.31,0.71
2021-11-07 12:58:27,24.31,0.71
2021-11-07 12:58:29,24.31,0.71
2021-11-07 12:58:30,24.31,0.71
2021-11-07 12:58:32,24.31,0.71
2021-11-07 12:58:33,24.31,0.71
2021-11-07 12:58:35,24.25,0.71
2021-11-07 12:58:37,24.25,0.71
2021-11-07 12:58:38,24.31,0.71
2021-11-07 12:58:40,24.25,0.71
2021-11-07 12:58:41,24.25,0.71
2021-11-07 12:58:43,24.31,0.71
2021-11-07 12:58:44,24.31,0.71
2021-11-07 12:58:46,24.31,0.71
2021-11-07 12:58:48,24.25,0.71
2021-11-07 12:58:49,24.25,0.72
2021-11-07 12:58:51,24.25,0.72
2021-11-07 12:58:52,24.25,0.71
2021-11-07 12:58:54,24.25,0.71
2021-11-07 12:58:55,24.31,0.71
2021-11-07 12:58:57,24.25,0.71
2021-11-07 12:58:59,24.25,0.71
2021-11-07 12:59:00,24.25,0.71
2021-11-07 12:59:02,24.25,0.71
2021-11-07 12:59:03,24.25,0.71
2021-11-07 12:59:05,24.25,0.71
2021-11-07 12:59:06,24.25,0.71
2021-11-07 12:59:08,24.25,0.71
2021-11-07 12:59:10,24.25,0.71
2021-11-07 12:59:11,24.19,0.71
2021-11-07 12:59:13,24.25,0.71
2021-11-07 12:59:14,24.25,0.71
2021-11-07 12:59:16,24.25,0.71
2021-11-07 12:59:17,24.25,0.71
2021-11-07 12:59:19,24.25,0.69
2021-11-07 12:59:21,24.25,0.71
2021-11-07 12:59:22,24.25,0.69
2021-11-07 12:59:24,24.25,0.69
2021-11-07 12:59:25,24.19,0.72
2021-11-07 12:59:27,24.19,0.73
2021-11-07 12:59:29,24.25,0.73
2021-11-07 12:59:30,24.19,0.73
2021-11-07 12:59:32,24.25,0.73
2021-11-07 12:59:33,24.19,0.73
2021-11-07 12:59:35,24.19,0.73
2021-11-07 12:59:36,24.19,0.73
2021-11-07 12:59:38,24.25,0.73
2021-11-07 12:59:40,24.25,0.73
2021-11-07 12:59:41,24.19,0.73
2021-11-07 12:59:43,24.25,0.73
2021-11-07 12:59:44,24.25,0.73
2021-11-07 12:59:46,24.19,0.73
2021-11-07 12:59:47,24.25,0.73
2021-11-07 12:59:49,24.25,0.73
2021-11-07 12:59:51,24.19,0.73
2021-11-07 12:59:52,24.25,0.73
2021-11-07 12:59:54,24.19,0.73
2021-11-07 12:59:55,24.19,0.73
2021-11-07 12:59:57,24.25,0.73
2021-11-07 12:59:58,24.25,0.73
2021-11-07 13:00:00,24.19,0.73
2021-11-07 13:00:02,24.25,0.73
2021-11-07 13:00:03,24.25,0.73
2021-11-07 13:00:05,24.25,0.73
2021-11-07 13:00:06,24.19,0.74
2021-11-07 13:00:08,24.19,0.73
2021-11-07 13:00:09,24.25,0.73
2021-11-07 13:00:11,24.25,0.73
2021-11-07 13:00:13,24.25,0.73
2021-11-07 13:00:14,24.25,0.73
2021-11-07 13:00:16,24.25,0.73
2021-11-07 13:00:17,24.19,0.73
2021-11-07 13:00:19,24.25,0.73
2021-11-07 13:00:21,24.25,0.73
2021-11-07 13:00:22,24.25,0.74
2021-11-07 13:00:24,24.25,0.74
2021-11-07 13:00:25,24.25,0.74
2021-11-07 13:00:27,24.25,0.73
2021-11-07 13:00:28,24.25,0.73
2021-11-07 13:00:30,24.25,0.73
2021-11-07 13:00:32,24.25,0.73
2021-11-07 13:00:33,24.31,0.73
2021-11-07 13:00:35,24.25,0.72
2021-11-07 13:00:36,24.31,0.72
2021-11-07 13:00:38,24.25,0.73
2021-11-07 13:00:39,24.25,0.72
2021-11-07 13:00:41,24.25,0.72
2021-11-07 13:00:43,24.25,0.72
2021-11-07 13:00:44,24.25,0.72
2021-11-07 13:00:46,24.25,0.72
2021-11-07 13:00:47,24.25,0.72
2021-11-07 13:00:49,24.31,0.72
2021-11-07 13:00:50,24.31,0.72
2021-11-07 13:00:52,24.25,0.72
2021-11-07 13:00:54,24.31,0.72
2021-11-07 13:00:55,24.25,0.72
2021-11-07 13:00:57,24.25,0.72
2021-11-07 13:00:58,24.31,0.72
2021-11-07 13:01:00,24.31,0.72
2021-11-07 13:01:01,24.31,0.72
2021-11-07 13:01:03,24.31,0.72
2021-11-07 13:01:05,24.25,0.72
2021-11-07 13:01:06,24.31,0.72
2021-11-07 13:01:08,24.31,0.73
2021-11-07 13:01:09,24.25,0.73
2021-11-07 13:01:11,24.25,0.73
2021-11-07 13:01:13,24.25,0.73
2021-11-07 13:01:14,24.25,0.73
2021-11-07 13:01:16,24.25,0.73
2021-11-07 13:01:17,24.25,0.73
2021-11-07 13:01:19,24.25,0.73
2021-11-07 13:01:20,24.25,0.73
2021-11-07 13:01:22,24.25,0.73
2021-11-07 13:01:24,24.25,0.73
2021-11-07 13:01:25,24.25,0.73
2021-11-07 13:01:27,24.25,0.73
2021-11-07 13:01:28,24.25,0.73
2021-11-07 13:01:30,24.25,0.72
2021-11-07 13:01:31,24.25,0.72
2021-11-07 13:01:33,24.25,0.70
2021-11-07 13:01:35,24.25,0.72
2021-11-07 13:01:36,24.25,0.72
2021-11-07 13:01:38,24.25,0.67
2021-11-07 13:01:39,24.25,0.67
2021-11-07 13:01:41,24.25,0.69
2021-11-07 13:01:42,24.25,0.69
2021-11-07 13:01:44,24.25,0.67
2021-11-07 13:01:46,24.25,0.69
2021-11-07 13:01:47,24.25,0.73
2021-11-07 13:01:49,24.25,0.73
2021-11-07 13:01:50,24.19,0.73
2021-11-07 13:01:52,24.25,0.73
2021-11-07 13:01:53,24.25,0.73
2021-11-07 13:01:55,24.25,0.73
2021-11-07 13:01:57,24.19,0.73
2021-11-07 13:01:58,24.25,0.69
2021-11-07 13:02:00,24.25,0.72
2021-11-07 13:02:01,24.25,0.73
2021-11-07 13:02:03,24.25,0.72
2021-11-07 13:02:05,24.25,0.73
2021-11-07 13:02:06,24.19,0.73
2021-11-07 13:02:08,24.25,0.73
2021-11-07 13:02:09,24.25,0.73
2021-11-07 13:02:11,24.25,0.73
2021-11-07 13:02:12,24.25,0.73
2021-11-07 13:02:14,24.25,0.73
2021-11-07 13:02:16,24.25,0.73
2021-11-07 13:02:17,24.25,0.73
2021-11-07 13:02:19,24.31,0.73
2021-11-07 13:02:20,24.25,0.73
2021-11-07 13:02:22,24.25,0.70
2021-11-07 13:02:23,24.31,0.69
2021-11-07 13:02:25,24.31,0.69
2021-11-07 13:02:27,24.31,0.70
2021-11-07 13:02:28,24.31,0.71
2021-11-07 13:02:30,24.25,0.70
2021-11-07 13:02:31,24.25,0.70
2021-11-07 13:02:33,24.31,0.71
2021-11-07 13:02:34,24.31,0.72
2021-11-07 13:02:36,24.31,0.73
2021-11-07 13:02:38,24.25,0.72
2021-11-07 13:02:39,24.25,0.73
2021-11-07 13:02:41,24.25,0.73
2021-11-07 13:02:42,24.25,0.73
2021-11-07 13:02:44,24.25,0.68
2021-11-07 13:02:45,24.25,0.70
2021-11-07 13:02:47,24.25,0.73
2021-11-07 13:02:49,24.25,0.73
2021-11-07 13:02:50,24.25,0.73
2021-11-07 13:02:52,24.25,0.73
2021-11-07 13:02:53,24.25,0.73
2021-11-07 13:02:55,24.25,0.74
2021-11-07 13:02:56,24.25,0.74
2021-11-07 13:02:58,24.25,0.74
2021-11-07 13:03:00,24.25,0.74
2021-11-07 13:03:01,24.19,0.74
2021-11-07 13:03:03,24.25,0.74
2021-11-07 13:03:04,24.25,0.74
2021-11-07 13:03:06,24.31,0.74
2021-11-07 13:03:08,24.25,0.74
2021-11-07 13:03:09,24.25,0.74
2021-11-07 13:03:11,24.25,0.74
2021-11-07 13:03:12,24.25,0.74
2021-11-07 13:03:14,24.25,0.74
2021-11-07 13:03:15,24.25,0.74
2021-11-07 13:03:17,24.25,0.74
2021-11-07 13:03:19,24.25,0.74
2021-11-07 13:03:20,24.31,0.74
2021-11-07 13:03:22,24.25,0.74
2021-11-07 13:03:23,24.31,0.74
2021-11-07 13:03:25,24.31,0.74
2021-11-07 13:03:26,24.31,0.73
2021-11-07 13:03:28,24.31,0.73
2021-11-07 13:03:30,24.31,0.73
2021-11-07 13:03:31,24.31,0.73
2021-11-07 13:03:33,24.31,0.73
2021-11-07 13:03:34,24.31,0.73
2021-11-07 13:03:36,24.25,0.73
2021-11-07 13:03:37,24.25,0.74
2021-11-07 13:03:39,24.25,0.73
2021-11-07 13:03:41,24.25,0.73
2021-11-07 13:03:42,24.25,0.73
2021-11-07 13:03:44,24.25,0.73
2021-11-07 13:03:45,24.19,0.73
2021-11-07 13:03:47,24.25,0.73
2021-11-07 13:03:49,24.19,0.73
2021-11-07 13:03:50,24.19,0.73
2021-11-07 13:03:52,24.19,0.73
2021-11-07 13:03:53,24.19,0.73
2021-11-07 13:03:55,24.13,0.73
2021-11-07 13:03:56,24.13,0.73
2021-11-07 13:03:58,24.13,0.74
2021-11-07 13:04:00,24.06,0.75
2021-11-07 13:04:01,23.94,0.75
2021-11-07 13:04:03,23.94,0.75
2021-11-07 13:04:04,23.94,0.75
2021-11-07 13:04:06,23.94,0.75
2021-11-07 13:04:07,23.94,0.75
2021-11-07 13:04:09,24.00,0.75
2021-11-07 13:04:11,23.94,0.75
2021-11-07 13:04:12,23.88,0.75
2021-11-07 13:04:14,23.88,0.74
2021-11-07 13:04:15,23.81,0.74
2021-11-07 13:04:17,23.88,0.74
2021-11-07 13:04:18,23.81,0.74
2021-11-07 13:04:20,23.81,0.74
2021-11-07 13:04:22,23.81,0.74
2021-11-07 13:04:23,23.81,0.74
2021-11-07 13:04:25,23.75,0.74
2021-11-07 13:04:26,23.75,0.74
2021-11-07 13:04:28,23.69,0.73
2021-11-07 13:04:29,23.75,0.73
2021-11-07 13:04:31,23.75,0.74
2021-11-07 13:04:33,23.81,0.74
2021-11-07 13:04:34,23.69,0.74
2021-11-07 13:04:36,23.75,0.74
2021-11-07 13:04:37,23.69,0.75
2021-11-07 13:04:39,23.69,0.75
2021-11-07 13:04:40,23.75,0.75
2021-11-07 13:04:42,23.75,0.75
2021-11-07 13:04:44,23.69,0.75
2021-11-07 13:04:45,23.69,0.75
2021-11-07 13:04:47,23.69,0.75
2021-11-07 13:04:48,23.69,0.75
2021-11-07 13:04:50,23.69,0.74
2021-11-07 13:04:52,23.69,0.74
2021-11-07 13:04:53,23.69,0.74
2021-11-07 13:04:55,23.69,0.74
2021-11-07 13:04:56,23.69,0.74
2021-11-07 13:04:58,23.69,0.74
2021-11-07 13:04:59,23.63,0.74
2021-11-07 13:05:01,23.56,0.74
2021-11-07 13:05:03,23.50,0.74
2021-11-07 13:05:04,23.50,0.74
2021-11-07 13:05:06,23.44,0.74
2021-11-07 13:05:07,23.44,0.74
2021-11-07 13:05:09,23.44,0.74
2021-11-07 13:05:10,23.44,0.74
2021-11-07 13:05:12,23.38,0.68
2021-11-07 13:05:14,23.38,0.69
2021-11-07 13:05:15,23.38,0.72
2021-11-07 13:05:17,23.44,0.74
2021-11-07 13:05:18,23.38,0.74
2021-11-07 13:05:20,23.44,0.74
2021-11-07 13:05:21,23.38,0.75
2021-11-07 13:05:23,23.38,0.75
2021-11-07 13:05:25,23.44,0.75
2021-11-07 13:05:26,23.44,0.75
2021-11-07 13:05:28,23.50,0.75
2021-11-07 13:05:29,23.44,0.75
2021-11-07 13:05:31,23.50,0.75
2021-11-07 13:05:33,23.44,0.75
2021-11-07 13:05:34,23.44,0.75
2021-11-07 13:05:36,23.38,0.74
2021-11-07 13:05:37,23.31,0.74
2021-11-07 13:05:39,23.38,0.67
2021-11-07 13:05:40,23.31,0.65
2021-11-07 13:05:42,23.25,0.69
2021-11-07 13:05:44,23.19,0.70
2021-11-07 13:05:45,23.19,0.74
2021-11-07 13:05:47,23.13,0.72
2021-11-07 13:05:48,23.06,0.74
2021-11-07 13:05:50,23.06,0.74
2021-11-07 13:05:51,23.13,0.74
2021-11-07 13:05:53,23.13,0.74
2021-11-07 13:05:55,23.13,0.67
2021-11-07 13:05:56,23.19,0.67
2021-11-07 13:05:58,23.19,0.66
2021-11-07 13:05:59,23.19,0.67
2021-11-07 13:06:01,23.19,0.71
2021-11-07 13:06:02,23.19,0.72
2021-11-07 13:06:04,23.19,0.74
2021-11-07 13:06:06,23.19,0.74
2021-11-07 13:06:07,23.19,0.74
2021-11-07 13:06:09,23.19,0.74
2021-11-07 13:06:10,23.19,0.75
2021-11-07 13:06:12,23.25,0.75
2021-11-07 13:06:13,23.19,0.75
2021-11-07 13:06:15,23.19,0.75
2021-11-07 13:06:17,23.13,0.75
2021-11-07 13:06:18,23.06,0.75
2021-11-07 13:06:20,23.13,0.75
2021-11-07 13:06:21,23.06,0.75
2021-11-07 13:06:23,23.06,0.75
2021-11-07 13:06:24,23.06,0.75
2021-11-07 13:06:26,23.13,0.74
2021-11-07 13:06:28,23.13,0.73
2021-11-07 13:06:29,23.19,0.71
2021-11-07 13:06:31,23.19,0.71
2021-11-07 13:06:32,23.19,0.72
2021-11-07 13:06:34,23.13,0.74
2021-11-07 13:06:36,23.00,0.74
2021-11-07 13:06:37,23.06,0.74
2021-11-07 13:06:39,23.00,0.74
2021-11-07 13:06:40,23.00,0.70
2021-11-07 13:06:42,23.00,0.71
2021-11-07 13:06:43,23.00,0.74
2021-11-07 13:06:45,22.94,0.74
2021-11-07 13:06:47,23.00,0.74
2021-11-07 13:06:48,23.00,0.74
2021-11-07 13:06:50,23.00,0.75
2021-11-07 13:06:51,23.00,0.75
2021-11-07 13:06:53,23.00,0.75
2021-11-07 13:06:54,23.00,0.75
2021-11-07 13:06:56,23.00,0.75
2021-11-07 13:06:58,23.00,0.75
2021-11-07 13:06:59,23.00,0.75
2021-11-07 13:07:01,23.00,0.75
2021-11-07 13:07:02,23.00,0.75
2021-11-07 13:07:04,23.06,0.74
2021-11-07 13:07:05,23.00,0.74
2021-11-07 13:07:07,23.00,0.74
2021-11-07 13:07:09,23.06,0.74
2021-11-07 13:07:10,23.06,0.75
2021-11-07 13:07:12,23.06,0.75
2021-11-07 13:07:13,23.06,0.75
2021-11-07 13:07:15,23.00,0.75
2021-11-07 13:07:16,23.00,0.75
2021-11-07 13:07:18,23.00,0.74
2021-11-07 13:07:20,23.00,0.74
2021-11-07 13:07:21,23.00,0.74
2021-11-07 13:07:23,23.06,0.74
2021-11-07 13:07:24,23.00,0.74
2021-11-07 13:07:26,22.94,0.75
2021-11-07 13:07:28,22.88,0.74
2021-11-07 13:07:29,22.88,0.74
2021-11-07 13:07:31,22.81,0.74
2021-11-07 13:07:32,22.81,0.74
2021-11-07 13:07:34,22.81,0.74
2021-11-07 13:07:35,22.81,0.74
2021-11-07 13:07:37,22.75,0.74
2021-11-07 13:07:39,22.69,0.74
2021-11-07 13:07:40,22.69,0.74
2021-11-07 13:07:42,22.75,0.74
2021-11-07 13:07:43,22.75,0.74
2021-11-07 13:07:45,22.75,0.74
2021-11-07 13:07:46,22.75,0.74
2021-11-07 13:07:48,22.75,0.74
2021-11-07 13:07:50,22.81,0.74
2021-11-07 13:07:51,22.81,0.74
2021-11-07 13:07:53,22.81,0.74
2021-11-07 13:07:54,22.88,0.74
2021-11-07 13:07:56,22.88,0.75
2021-11-07 13:07:57,22.81,0.74
2021-11-07 13:07:59,22.81,0.73
2021-11-07 13:08:01,22.81,0.72
2021-11-07 13:08:02,22.88,0.70
2021-11-07 13:08:04,22.94,0.72
2021-11-07 13:08:05,22.94,0.74
2021-11-07 13:08:07,22.94,0.74
2021-11-07 13:08:08,22.88,0.74
2021-11-07 13:08:10,22.88,0.74
2021-11-07 13:08:12,22.88,0.74
2021-11-07 13:08:13,22.81,0.75
2021-11-07 13:08:15,22.81,0.75
2021-11-07 13:08:16,22.88,0.75
2021-11-07 13:08:18,22.81,0.75
2021-11-07 13:08:20,22.81,0.75
2021-11-07 13:08:21,22.88,0.75
2021-11-07 13:08:23,22.88,0.75
2021-11-07 13:08:24,22.88,0.75
2021-11-07 13:08:26,22.81,0.75
2021-11-07 13:08:27,22.81,0.75
2021-11-07 13:08:29,22.81,0.75
2021-11-07 13:08:31,22.75,0.75
2021-11-07 13:08:32,22.75,0.75
2021-11-07 13:08:34,22.75,0.75
2021-11-07 13:08:35,22.75,0.75
2021-11-07 13:08:37,22.81,0.75
2021-11-07 13:08:38,22.81,0.75
2021-11-07 13:08:40,22.81,0.75
2021-11-07 13:08:42,22.88,0.75
2021-11-07 13:08:43,22.88,0.75
2021-11-07 13:08:45,22.88,0.75
2021-11-07 13:08:46,22.88,0.75
2021-11-07 13:08:48,22.88,0.75
2021-11-07 13:08:49,22.88,0.75
2021-11-07 13:08:51,22.88,0.75
2021-11-07 13:08:53,22.88,0.75
2021-11-07 13:08:54,22.88,0.75
2021-11-07 13:08:56,22.88,0.75
2021-11-07 13:08:57,22.81,0.75
2021-11-07 13:08:59,22.81,0.75
2021-11-07 13:09:00,22.75,0.75
2021-11-07 13:09:02,22.75,0.75
2021-11-07 13:09:04,22.75,0.75
2021-11-07 13:09:05,22.69,0.75
2021-11-07 13:09:07,22.75,0.73
2021-11-07 13:09:08,22.75,0.73
2021-11-07 13:09:10,22.69,0.73
2021-11-07 13:09:12,22.75,0.72
2021-11-07 13:09:13,22.69,0.72
2021-11-07 13:09:15,22.75,0.69
2021-11-07 13:09:16,22.81,0.62
2021-11-07 13:09:18,22.81,0.68
2021-11-07 13:09:19,22.81,0.71
2021-11-07 13:09:21,22.75,0.73
2021-11-07 13:09:23,22.75,0.73
2021-11-07 13:09:24,22.81,0.73
2021-11-07 13:09:26,22.75,0.73
2021-11-07 13:09:27,22.75,0.73
2021-11-07 13:09:29,22.81,0.73
2021-11-07 13:09:30,22.81,0.73
2021-11-07 13:09:32,22.81,0.73
2021-11-07 13:09:34,22.88,0.73
2021-11-07 13:09:35,22.88,0.73
2021-11-07 13:09:37,22.88,0.73
2021-11-07 13:09:38,22.94,0.73
2021-11-07 13:09:40,22.94,0.73
2021-11-07 13:09:41,22.94,0.73
2021-11-07 13:09:43,23.00,0.73
2021-11-07 13:09:45,23.00,0.73
2021-11-07 13:09:46,23.00,0.73
2021-11-07 13:09:48,23.00,0.73
2021-11-07 13:09:49,23.06,0.73
2021-11-07 13:09:51,23.06,0.73
2021-11-07 13:09:52,23.13,0.73
2021-11-07 13:09:54,23.06,0.73
2021-11-07 13:09:56,23.13,0.73
2021-11-07 13:09:57,23.13,0.73
2021-11-07 13:09:59,23.13,0.73
2021-11-07 13:10:00,23.13,0.73
2021-11-07 13:10:02,23.06,0.73
2021-11-07 13:10:04,23.13,0.73
2021-11-07 13:10:05,23.13,0.73
2021-11-07 13:10:07,23.06,0.73
2021-11-07 13:10:08,23.06,0.73
2021-11-07 13:10:10,23.06,0.73
2021-11-07 13:10:11,23.06,0.73
2021-11-07 13:10:13,23.06,0.73
2021-11-07 13:10:15,23.06,0.73
2021-11-07 13:10:16,23.06,0.73
2021-11-07 13:10:18,23.00,0.73
2021-11-07 13:10:19,23.06,0.73
2021-11-07 13:10:21,23.06,0.72
2021-11-07 13:10:22,23.13,0.71
2021-11-07 13:10:24,23.06,0.73
2021-11-07 13:10:26,23.06,0.73
2021-11-07 13:10:27,23.13,0.72
2021-11-07 13:10:29,23.13,0.72
2021-11-07 13:10:30,23.13,0.71
2021-11-07 13:10:32,23.13,0.73
2021-11-07 13:10:33,23.19,0.70
2021-11-07 13:10:35,23.19,0.71
2021-11-07 13:10:37,23.19,0.70
2021-11-07 13:10:38,23.19,0.71
2021-11-07 13:10:40,23.19,0.71
2021-11-07 13:10:41,23.19,0.72
2021-11-07 13:10:43,23.19,0.72
2021-11-07 13:10:44,23.13,0.68
2021-11-07 13:10:46,23.19,0.71
2021-11-07 13:10:48,23.19,0.71
2021-11-07 13:10:49,23.19,0.72
2021-11-07 13:10:51,23.19,0.72
2021-11-07 13:10:52,23.25,0.72
2021-11-07 13:10:54,23.25,0.73
2021-11-07 13:10:55,23.19,0.74
2021-11-07 13:10:57,23.25,0.74
2021-11-07 13:10:59,23.25,0.74
2021-11-07 13:11:00,23.25,0.74
2021-11-07 13:11:02,23.25,0.74
2021-11-07 13:11:03,23.25,0.74
2021-11-07 13:11:05,23.25,0.74
2021-11-07 13:11:07,23.31,0.74
2021-11-07 13:11:08,23.31,0.74
2021-11-07 13:11:10,23.31,0.74
2021-11-07 13:11:11,23.31,0.74
2021-11-07 13:11:13,23.25,0.74
2021-11-07 13:11:14,23.31,0.74
2021-11-07 13:11:16,23.31,0.74
2021-11-07 13:11:18,23.31,0.74
2021-11-07 13:11:19,23.38,0.74
2021-11-07 13:11:21,23.31,0.74
2021-11-07 13:11:22,23.31,0.74
2021-11-07 13:11:24,23.38,0.74
2021-11-07 13:11:25,23.38,0.74
2021-11-07 13:11:27,23.31,0.74
2021-11-07 13:11:29,23.31,0.74
2021-11-07 13:11:30,23.31,0.74
2021-11-07 13:11:32,23.31,0.74
2021-11-07 13:11:33,23.31,0.74
2021-11-07 13:11:35,23.31,0.74
2021-11-07 13:11:36,23.31,0.74
2021-11-07 13:11:38,23.31,0.74
2021-11-07 13:11:40,23.31,0.74
2021-11-07 13:11:41,23.38,0.74
2021-11-07 13:11:43,23.31,0.74
2021-11-07 13:11:44,23.31,0.74
2021-11-07 13:11:46,23.31,0.74
2021-11-07 13:11:48,23.38,0.74
2021-11-07 13:11:49,23.31,0.74
2021-11-07 13:11:51,23.38,0.74
2021-11-07 13:11:52,23.38,0.74
2021-11-07 13:11:54,23.38,0.74
2021-11-07 13:11:55,23.31,0.74
2021-11-07 13:11:57,23.31,0.74
2021-11-07 13:11:59,23.31,0.74
2021-11-07 13:12:00,23.31,0.74
2021-11-07 13:12:02,23.38,0.74
2021-11-07 13:12:03,23.31,0.71
